<?xml version="1.0" encoding="UTF-8"?>
<project xmlns="http://www.netbeans.org/ns/project/1">
    <type>org.netbeans.modules.ant.freeform</type>
    <configuration>
        <general-data xmlns="http://www.netbeans.org/ns/freeform-project/1">
            <!-- Do not use Project Properties customizer when editing this file manually. -->
            <name>javafx-ui-common</name>
            <properties>
                <property name="import.antlr-runtime.jar">../../import/antlr-3.1.3/antlr-3.1.3/lib/antlr-runtime-3.1.3.jar</property>
                <property name="jfx.checkstyle.jar">../../import/checkstyle-5.1/checkstyle-5.1.jar</property>
                <property-file>../base.properties</property-file>
                <property-file>project.properties</property-file>
                <property-file>../common.properties</property-file>
            </properties>
            <folders>
                <source-folder>
                    <label>Sources</label>
                    <type>java</type>
                    <location>${src.dir}</location>
                </source-folder>
                <source-folder>
                    <label>Tests</label>
                    <type>java</type>
                    <location>${test.dir}</location>
                </source-folder>
            </folders>
            <ide-actions>
                <action name="build">
                    <target>jar_and_copy_to_sdk</target>
                </action>
                <action name="clean">
                    <target>clean</target>
                </action>
                <action name="test">
                    <target>test</target>
                </action>
                <action name="rebuild">
                    <target>clean</target>
                    <target>jar_and_copy_to_sdk</target>
                </action>
                <action name="run.single">
                    <target>test-single</target>
                    <context>
                        <property>run.file</property>
                        <folder>${test.dir}</folder>
                        <pattern>\.java$</pattern>
                        <format>relative-path</format>
                        <arity>
                            <one-file-only/>
                        </arity>
                    </context>
                </action>
                <action name="test.single">
                    <target>test-single</target>
                    <context>
                        <property>run.file</property>
                        <folder>${test.dir}</folder>
                        <pattern>\.java$</pattern>
                        <format>relative-path</format>
                        <arity>
                            <one-file-only/>
                        </arity>
                    </context>
                </action>
                <action name="debug.single">
                    <target>debug-test-file</target>
                    <context>
                        <property>debug.class</property>
                        <folder>${test.dir}</folder>
                        <pattern>\.java$</pattern>
                        <format>java-name</format>
                        <arity>
                            <one-file-only/>
                        </arity>
                    </context>
                </action>
            </ide-actions>
            <export>
                <type>jar</type>
                <location>dist/javafx-ui-common.jar</location>
                <build-target>jar_and_copy_to_sdk</build-target>
            </export>
            <export>
                <type>folder</type>
                <location>${build.test.classes.dir}</location>
                <build-target>jar_and_copy_to_sdk</build-target>
            </export>
            <view>
                <items>
                    <source-folder style="packages">
                        <label>Sources</label>
                        <location>${src.dir}</location>
                    </source-folder>
                    <source-folder style="packages">
                        <label>Tests</label>
                        <location>${test.dir}</location>
                    </source-folder>
                    <source-file>
                        <location>build.xml</location>
                    </source-file>
                    <source-file>
                        <location>nbproject/project.xml</location>
                    </source-file>
                    <source-file>
                        <location>project.properties</location>
                    </source-file>
                </items>
                <context-menu>
                    <ide-action name="build"/>
                    <ide-action name="rebuild"/>
                    <ide-action name="clean"/>
                    <ide-action name="test"/>
                </context-menu>
            </view>
            <subprojects/>
        </general-data>
        <java-data xmlns="http://www.netbeans.org/ns/freeform-project-java/3">
            <compilation-unit>
                <package-root>${src.dir}</package-root>
                <classpath mode="compile">../../rt-closed/javafx-beans/dist/javafx-beans.jar:../../rt-closed/javafx-geom/dist/javafx-geom.jar:../../rt-closed/javafx-logging/dist/javafx-logging.jar:../../rt-closed/javafx-anim/dist/javafx-anim.jar:../../rt-closed/javafx-common/dist/javafx-common.jar:../../rt-closed/javafx-mx-common/dist/javafx-mx-common.jar:../../rt-closed/javafx-sg-common/dist/javafx-sg-common.jar:../../rt-closed/decora-runtime/dist/decora-runtime.jar:../../rt-closed/build/deps/plugin_exports.jar:../../rt-closed/aria/dist/aria.jar:../../import/checkstyle-5.1/checkstyle-5.1.jar</classpath>
                <built-to>dist/javafx-ui-common.jar</built-to>
                <source-level>1.6</source-level>
            </compilation-unit>
            <compilation-unit>
                <package-root>${test.dir}</package-root>
                <unit-tests/>
                <classpath mode="compile">${javac.test.classpath}</classpath>
                <built-to>${build.test.classes.dir}</built-to>
                <source-level>1.6</source-level>
            </compilation-unit>
        </java-data>
        <spellchecker-wordlist xmlns="http://www.netbeans.org/ns/spellchecker-wordlist/1">
            <word>dragboard</word>
            <word>iconified</word>
            <word>pseudoclass</word>
            <word>resizable</word>
            <word>scenegraph</word>
            <word>stylesheet</word>
        </spellchecker-wordlist>
    </configuration>
</project>
